I1,Item Name 1,Other,2017-4-9,16.99
I2,Item Name 2,Accessory,2017-12-14,58.99
I3,Item Name 3,Accessory,2017-5-17,2.99
I4,Item Name 4,Accessory,2017-6-7,24.99
I5,Item Name 5,Other,2017-8-27,18.99
I6,Item Name 6,Accessory,2017-4-13,24.99
I7,Item Name 7,Videogame,2017-12-22,47.99
I8,Item Name 8,Accessory,2017-8-9,53.99
I9,Item Name 9,Videogame,2017-5-10,47.99
I10,Item Name 10,Videogame,2017-2-12,37.99
I11,Item Name 11,Videogame,2017-11-16,21.99
I12,Item Name 12,Videogame,2017-11-8,28.99
I13,Item Name 13,Other,2017-1-10,52.99
I14,Item Name 14,Videogame,2017-7-22,16.99
I15,Item Name 15,Console,2017-12-23,57.99
I16,Item Name 16,Other,2017-9-25,46.99
I17,Item Name 17,Food/Drink,2017-7-24,56.99
I18,Item Name 18,Console,2017-3-26,18.99
I19,Item Name 19,Other,2017-10-10,55.99
I20,Item Name 20,Food/Drink,2017-12-2,16.99
I21,Item Name 21,Console,2017-1-11,42.99
I22,Item Name 22,Console,2017-12-26,39.99
I23,Item Name 23,Other,2017-12-8,36.99
I24,Item Name 24,Accessory,2017-11-16,31.99
I25,Item Name 25,Console,2017-5-3,1.99
I26,Item Name 26,Videogame,2017-7-16,41.99
I27,Item Name 27,Accessory,2017-11-18,33.99
I28,Item Name 28,Console,2017-9-16,44.99
I29,Item Name 29,Other,2017-11-14,19.99
I30,Item Name 30,Console,2017-9-13,33.99
I31,Item Name 31,Other,2017-7-22,56.99
I32,Item Name 32,Console,2017-4-6,39.99
I33,Item Name 33,Accessory,2017-5-17,42.99
I34,Item Name 34,Other,2017-11-20,6.99
I35,Item Name 35,Other,2017-9-7,5.99
I36,Item Name 36,Videogame,2017-3-21,54.99
I37,Item Name 37,Console,2017-4-17,43.99
I38,Item Name 38,Console,2017-7-27,56.99
I39,Item Name 39,Other,2017-6-14,21.99
I40,Item Name 40,Food/Drink,2017-11-1,17.99
I41,Item Name 41,Console,2017-12-5,9.99
I42,Item Name 42,Accessory,2017-1-16,19.99
I43,Item Name 43,Videogame,2017-6-11,29.99
I44,Item Name 44,Food/Drink,2017-8-3,23.99
I45,Item Name 45,Food/Drink,2017-12-11,13.99
I46,Item Name 46,Accessory,2017-11-17,1.99
I47,Item Name 47,Videogame,2017-4-4,57.99
I48,Item Name 48,Videogame,2017-4-16,13.99
I49,Item Name 49,Other,2017-5-4,50.99
I50,Item Name 50,Other,2017-7-21,46.99
I51,Item Name 51,Console,2017-11-17,17.99
I52,Item Name 52,Console,2017-2-21,38.99
I53,Item Name 53,Food/Drink,2017-2-25,47.99
I54,Item Name 54,Console,2017-8-14,43.99
I55,Item Name 55,Console,2017-6-8,17.99
I56,Item Name 56,Other,2017-3-27,12.99
I57,Item Name 57,Other,2017-10-9,7.99
I58,Item Name 58,Other,2017-8-16,48.99
I59,Item Name 59,Other,2017-11-27,13.99
I60,Item Name 60,Videogame,2017-11-23,22.99
I61,Item Name 61,Other,2017-3-23,48.99
I62,Item Name 62,Videogame,2017-6-17,34.99
I63,Item Name 63,Console,2017-8-25,20.99
I64,Item Name 64,Videogame,2017-9-12,35.99
I65,Item Name 65,Accessory,2017-4-17,9.99
I66,Item Name 66,Accessory,2017-4-27,40.99
I67,Item Name 67,Other,2017-8-19,55.99
I68,Item Name 68,Food/Drink,2017-1-6,39.99
I69,Item Name 69,Accessory,2017-7-11,22.99
I70,Item Name 70,Other,2017-9-15,15.99
I71,Item Name 71,Console,2017-1-10,29.99
I72,Item Name 72,Accessory,2017-8-12,30.99
I73,Item Name 73,Console,2017-10-23,9.99
I74,Item Name 74,Other,2017-3-10,56.99
I75,Item Name 75,Accessory,2017-3-13,57.99
I76,Item Name 76,Food/Drink,2017-4-16,6.99
I77,Item Name 77,Other,2017-5-17,4.99
I78,Item Name 78,Other,2017-5-26,8.99
I79,Item Name 79,Videogame,2017-2-17,3.99
I80,Item Name 80,Food/Drink,2017-10-13,38.99
I81,Item Name 81,Accessory,2017-10-21,7.99
I82,Item Name 82,Food/Drink,2017-2-24,6.99
I83,Item Name 83,Accessory,2017-7-12,41.99
I84,Item Name 84,Console,2017-2-11,40.99
I85,Item Name 85,Other,2017-2-22,38.99
I86,Item Name 86,Console,2017-7-16,35.99
I87,Item Name 87,Other,2017-7-14,20.99
I88,Item Name 88,Other,2017-6-20,52.99
I89,Item Name 89,Console,2017-1-14,58.99
I90,Item Name 90,Other,2017-3-5,49.99
I91,Item Name 91,Food/Drink,2017-9-9,38.99
I92,Item Name 92,Other,2017-12-5,2.99
I93,Item Name 93,Videogame,2017-2-4,16.99
I94,Item Name 94,Other,2017-5-8,48.99
I95,Item Name 95,Videogame,2017-12-18,30.99
I96,Item Name 96,Console,2017-12-5,6.99
I97,Item Name 97,Videogame,2017-10-1,29.99
I98,Item Name 98,Food/Drink,2017-4-25,28.99
I99,Item Name 99,Console,2017-1-6,15.99
I100,Item Name 100,Videogame,2017-7-7,13.99
I101,Item Name 101,Videogame,2017-8-6,22.99
I102,Item Name 102,Other,2017-1-25,28.99
I103,Item Name 103,Food/Drink,2017-4-19,17.99
I104,Item Name 104,Console,2017-12-22,43.99
I105,Item Name 105,Console,2017-7-14,32.99
I106,Item Name 106,Videogame,2017-4-4,16.99
I107,Item Name 107,Other,2017-2-6,58.99
I108,Item Name 108,Videogame,2017-2-14,14.99
I109,Item Name 109,Food/Drink,2017-5-9,11.99
I110,Item Name 110,Food/Drink,2017-6-27,30.99
I111,Item Name 111,Console,2017-7-12,48.99
I112,Item Name 112,Food/Drink,2017-2-15,16.99
I113,Item Name 113,Food/Drink,2017-5-19,34.99
I114,Item Name 114,Food/Drink,2017-3-3,24.99
I115,Item Name 115,Other,2017-5-22,25.99
I116,Item Name 116,Accessory,2017-1-13,14.99
I117,Item Name 117,Console,2017-12-21,10.99
I118,Item Name 118,Videogame,2017-12-22,55.99
I119,Item Name 119,Other,2017-11-5,58.99
I120,Item Name 120,Food/Drink,2017-3-2,35.99
I121,Item Name 121,Accessory,2017-3-8,11.99
I122,Item Name 122,Accessory,2017-1-11,29.99
I123,Item Name 123,Other,2017-2-6,2.99
I124,Item Name 124,Other,2017-4-22,45.99
I125,Item Name 125,Food/Drink,2017-11-2,57.99
I126,Item Name 126,Accessory,2017-11-9,9.99
I127,Item Name 127,Accessory,2017-6-6,26.99
I128,Item Name 128,Videogame,2017-5-21,35.99
I129,Item Name 129,Food/Drink,2017-2-18,55.99
I130,Item Name 130,Food/Drink,2017-2-2,2.99
I131,Item Name 131,Accessory,2017-8-17,34.99
I132,Item Name 132,Food/Drink,2017-11-10,38.99
I133,Item Name 133,Accessory,2017-8-20,47.99
I134,Item Name 134,Console,2017-8-10,36.99
I135,Item Name 135,Other,2017-8-26,23.99
I136,Item Name 136,Console,2017-10-6,13.99
I137,Item Name 137,Console,2017-10-13,15.99
I138,Item Name 138,Food/Drink,2017-3-2,54.99
I139,Item Name 139,Console,2017-8-10,12.99
I140,Item Name 140,Other,2017-6-20,8.99
I141,Item Name 141,Videogame,2017-11-6,48.99
I142,Item Name 142,Console,2017-9-3,7.99
I143,Item Name 143,Videogame,2017-11-9,52.99
I144,Item Name 144,Videogame,2017-1-14,40.99
I145,Item Name 145,Other,2017-6-12,30.99
I146,Item Name 146,Other,2017-2-9,50.99
I147,Item Name 147,Food/Drink,2017-6-1,48.99
I148,Item Name 148,Food/Drink,2017-6-18,38.99
I149,Item Name 149,Food/Drink,2017-5-15,14.99
I150,Item Name 150,Videogame,2017-12-7,19.99
I151,Item Name 151,Food/Drink,2017-9-12,51.99
I152,Item Name 152,Other,2017-2-27,47.99
I153,Item Name 153,Videogame,2017-11-1,27.99
I154,Item Name 154,Videogame,2017-9-6,33.99
I155,Item Name 155,Other,2017-5-25,1.99
I156,Item Name 156,Food/Drink,2017-9-8,3.99
I157,Item Name 157,Food/Drink,2017-6-11,40.99
I158,Item Name 158,Accessory,2017-8-1,39.99
I159,Item Name 159,Console,2017-2-15,11.99
I160,Item Name 160,Videogame,2017-10-5,45.99
I161,Item Name 161,Console,2017-1-14,35.99
I162,Item Name 162,Food/Drink,2017-3-11,2.99
I163,Item Name 163,Food/Drink,2017-2-10,38.99
I164,Item Name 164,Food/Drink,2017-9-24,42.99
I165,Item Name 165,Other,2017-10-2,49.99
I166,Item Name 166,Food/Drink,2017-1-20,58.99
I167,Item Name 167,Videogame,2017-8-18,20.99
I168,Item Name 168,Food/Drink,2017-3-11,25.99
I169,Item Name 169,Other,2017-3-3,34.99
I170,Item Name 170,Accessory,2017-12-26,48.99
I171,Item Name 171,Accessory,2017-1-19,54.99
I172,Item Name 172,Videogame,2017-1-7,46.99
I173,Item Name 173,Other,2017-4-6,53.99
I174,Item Name 174,Console,2017-3-26,11.99
I175,Item Name 175,Accessory,2017-1-7,27.99
I176,Item Name 176,Console,2017-3-3,44.99
I177,Item Name 177,Other,2017-10-14,28.99
I178,Item Name 178,Console,2017-8-11,45.99
I179,Item Name 179,Videogame,2017-9-1,34.99
I180,Item Name 180,Other,2017-5-21,25.99
I181,Item Name 181,Console,2017-9-22,48.99
I182,Item Name 182,Accessory,2017-2-6,38.99
I183,Item Name 183,Console,2017-9-1,10.99
I184,Item Name 184,Console,2017-12-2,12.99
I185,Item Name 185,Other,2017-6-15,25.99
I186,Item Name 186,Other,2017-8-20,13.99
I187,Item Name 187,Videogame,2017-7-8,9.99
I188,Item Name 188,Console,2017-6-27,39.99
I189,Item Name 189,Other,2017-12-15,8.99
I190,Item Name 190,Other,2017-11-21,43.99
I191,Item Name 191,Videogame,2017-10-8,34.99
I192,Item Name 192,Videogame,2017-4-26,53.99
I193,Item Name 193,Videogame,2017-2-8,49.99
I194,Item Name 194,Other,2017-6-20,49.99
I195,Item Name 195,Console,2017-3-7,28.99
I196,Item Name 196,Other,2017-10-19,28.99
I197,Item Name 197,Accessory,2017-6-14,10.99
I198,Item Name 198,Accessory,2017-12-19,15.99
I199,Item Name 199,Food/Drink,2017-2-10,13.99
I200,Item Name 200,Food/Drink,2017-2-8,37.99
I201,Item Name 201,Other,2017-11-14,42.99
I202,Item Name 202,Food/Drink,2017-8-5,36.99
I203,Item Name 203,Accessory,2017-8-21,30.99
I204,Item Name 204,Accessory,2017-11-24,36.99
I205,Item Name 205,Console,2017-7-8,36.99
I206,Item Name 206,Console,2017-7-16,33.99
I207,Item Name 207,Videogame,2017-9-10,41.99
I208,Item Name 208,Console,2017-10-2,20.99
I209,Item Name 209,Accessory,2017-1-7,19.99
I210,Item Name 210,Console,2017-9-12,25.99
I211,Item Name 211,Food/Drink,2017-3-14,55.99
I212,Item Name 212,Console,2017-8-20,11.99
I213,Item Name 213,Accessory,2017-11-9,59.99
I214,Item Name 214,Videogame,2017-7-7,40.99
I215,Item Name 215,Other,2017-12-8,11.99
I216,Item Name 216,Console,2017-1-16,43.99
I217,Item Name 217,Accessory,2017-11-14,26.99
I218,Item Name 218,Videogame,2017-1-22,29.99
I219,Item Name 219,Other,2017-8-6,18.99
I220,Item Name 220,Food/Drink,2017-9-23,43.99
I221,Item Name 221,Accessory,2017-9-14,25.99
I222,Item Name 222,Videogame,2017-8-6,52.99
I223,Item Name 223,Other,2017-7-6,40.99
I224,Item Name 224,Console,2017-1-5,17.99
I225,Item Name 225,Food/Drink,2017-2-6,41.99
I226,Item Name 226,Accessory,2017-4-7,35.99
I227,Item Name 227,Accessory,2017-2-18,20.99
I228,Item Name 228,Other,2017-6-12,37.99
I229,Item Name 229,Food/Drink,2017-2-9,30.99
I230,Item Name 230,Food/Drink,2017-6-7,18.99
I231,Item Name 231,Videogame,2017-2-14,30.99
I232,Item Name 232,Other,2017-4-4,14.99
I233,Item Name 233,Console,2017-10-12,6.99
I234,Item Name 234,Food/Drink,2017-2-14,53.99
I235,Item Name 235,Videogame,2017-10-11,3.99
I236,Item Name 236,Console,2017-11-3,39.99
I237,Item Name 237,Other,2017-9-2,34.99
I238,Item Name 238,Accessory,2017-10-24,11.99
I239,Item Name 239,Other,2017-8-14,57.99
I240,Item Name 240,Other,2017-1-4,22.99
I241,Item Name 241,Console,2017-2-17,40.99
I242,Item Name 242,Accessory,2017-12-3,1.99
I243,Item Name 243,Videogame,2017-7-18,23.99
I244,Item Name 244,Accessory,2017-4-17,34.99
I245,Item Name 245,Other,2017-3-23,41.99
I246,Item Name 246,Accessory,2017-10-26,23.99
I247,Item Name 247,Accessory,2017-10-11,25.99
I248,Item Name 248,Food/Drink,2017-8-23,19.99
I249,Item Name 249,Videogame,2017-11-15,28.99
I250,Item Name 250,Videogame,2017-8-17,37.99
I251,Item Name 251,Other,2017-2-24,9.99
I252,Item Name 252,Videogame,2017-6-18,22.99
I253,Item Name 253,Videogame,2017-4-12,21.99
I254,Item Name 254,Food/Drink,2017-8-5,42.99
I255,Item Name 255,Videogame,2017-3-2,56.99
I256,Item Name 256,Food/Drink,2017-1-15,40.99
I257,Item Name 257,Other,2017-4-26,9.99
I258,Item Name 258,Food/Drink,2017-8-19,38.99
I259,Item Name 259,Videogame,2017-3-18,31.99
I260,Item Name 260,Other,2017-4-4,38.99
I261,Item Name 261,Accessory,2017-7-3,50.99
I262,Item Name 262,Videogame,2017-7-9,19.99
I263,Item Name 263,Videogame,2017-1-10,58.99
I264,Item Name 264,Accessory,2017-8-20,11.99
I265,Item Name 265,Console,2017-11-27,40.99
I266,Item Name 266,Console,2017-3-27,37.99
I267,Item Name 267,Accessory,2017-10-22,13.99
I268,Item Name 268,Accessory,2017-9-17,6.99
I269,Item Name 269,Console,2017-1-16,19.99
I270,Item Name 270,Accessory,2017-11-22,30.99
I271,Item Name 271,Videogame,2017-5-13,26.99
I272,Item Name 272,Accessory,2017-10-7,25.99
I273,Item Name 273,Accessory,2017-5-27,33.99
I274,Item Name 274,Other,2017-1-20,19.99
I275,Item Name 275,Other,2017-2-19,53.99
I276,Item Name 276,Other,2017-7-11,13.99
I277,Item Name 277,Console,2017-2-19,25.99
I278,Item Name 278,Accessory,2017-12-21,5.99
I279,Item Name 279,Food/Drink,2017-10-27,22.99
I280,Item Name 280,Food/Drink,2017-9-2,50.99
I281,Item Name 281,Videogame,2017-1-17,12.99
I282,Item Name 282,Console,2017-11-5,31.99
I283,Item Name 283,Videogame,2017-8-26,17.99
I284,Item Name 284,Other,2017-10-24,39.99
I285,Item Name 285,Food/Drink,2017-1-21,40.99
I286,Item Name 286,Food/Drink,2017-7-23,25.99
I287,Item Name 287,Videogame,2017-10-6,35.99
I288,Item Name 288,Videogame,2017-3-10,36.99
I289,Item Name 289,Accessory,2017-5-18,35.99
I290,Item Name 290,Accessory,2017-11-2,17.99
I291,Item Name 291,Console,2017-11-19,58.99
I292,Item Name 292,Other,2017-8-8,26.99
I293,Item Name 293,Console,2017-7-11,43.99
I294,Item Name 294,Videogame,2017-6-13,59.99
I295,Item Name 295,Accessory,2017-2-17,42.99
I296,Item Name 296,Other,2017-7-6,8.99
I297,Item Name 297,Console,2017-10-18,33.99
I298,Item Name 298,Accessory,2017-3-19,28.99
I299,Item Name 299,Accessory,2017-12-24,5.99
I300,Item Name 300,Other,2017-3-16,18.99
I301,Item Name 301,Food/Drink,2017-4-17,34.99
I302,Item Name 302,Videogame,2017-3-22,39.99
I303,Item Name 303,Videogame,2017-9-3,9.99
I304,Item Name 304,Accessory,2017-9-25,55.99
I305,Item Name 305,Accessory,2017-8-1,23.99
I306,Item Name 306,Other,2017-5-18,53.99
I307,Item Name 307,Videogame,2017-3-26,1.99
I308,Item Name 308,Accessory,2017-1-22,11.99
I309,Item Name 309,Other,2017-3-23,29.99
I310,Item Name 310,Accessory,2017-9-10,15.99
I311,Item Name 311,Other,2017-9-17,17.99
I312,Item Name 312,Other,2017-9-25,2.99
I313,Item Name 313,Videogame,2017-2-6,24.99
I314,Item Name 314,Console,2017-3-22,47.99
I315,Item Name 315,Console,2017-12-24,43.99
I316,Item Name 316,Food/Drink,2017-8-3,37.99
I317,Item Name 317,Console,2017-5-22,50.99
I318,Item Name 318,Other,2017-4-21,14.99
I319,Item Name 319,Accessory,2017-11-5,9.99
I320,Item Name 320,Videogame,2017-4-23,36.99
I321,Item Name 321,Videogame,2017-9-27,7.99
I322,Item Name 322,Other,2017-12-1,31.99
I323,Item Name 323,Accessory,2017-10-13,50.99
I324,Item Name 324,Other,2017-7-12,26.99
I325,Item Name 325,Food/Drink,2017-2-18,48.99
I326,Item Name 326,Videogame,2017-12-4,19.99
I327,Item Name 327,Accessory,2017-2-23,41.99
I328,Item Name 328,Food/Drink,2017-12-15,5.99
I329,Item Name 329,Videogame,2017-4-9,48.99
I330,Item Name 330,Food/Drink,2017-4-25,23.99
I331,Item Name 331,Videogame,2017-2-19,22.99
I332,Item Name 332,Accessory,2017-6-19,39.99
I333,Item Name 333,Food/Drink,2017-1-25,47.99
I334,Item Name 334,Console,2017-5-10,7.99
I335,Item Name 335,Videogame,2017-8-18,34.99
I336,Item Name 336,Food/Drink,2017-11-5,48.99
I337,Item Name 337,Other,2017-12-11,29.99
I338,Item Name 338,Accessory,2017-8-17,42.99
I339,Item Name 339,Food/Drink,2017-7-17,45.99
I340,Item Name 340,Accessory,2017-5-25,38.99
I341,Item Name 341,Console,2017-3-8,31.99
I342,Item Name 342,Other,2017-7-2,27.99
I343,Item Name 343,Accessory,2017-2-4,29.99
I344,Item Name 344,Other,2017-12-18,13.99
I345,Item Name 345,Accessory,2017-1-13,32.99
I346,Item Name 346,Food/Drink,2017-6-13,34.99
I347,Item Name 347,Videogame,2017-2-2,17.99
I348,Item Name 348,Console,2017-1-22,53.99
I349,Item Name 349,Food/Drink,2017-8-15,53.99
I350,Item Name 350,Console,2017-7-17,47.99
I351,Item Name 351,Food/Drink,2017-11-6,48.99
I352,Item Name 352,Accessory,2017-7-25,51.99
I353,Item Name 353,Other,2017-2-22,58.99
I354,Item Name 354,Other,2017-8-21,7.99
I355,Item Name 355,Console,2017-3-22,32.99
I356,Item Name 356,Console,2017-12-20,23.99
I357,Item Name 357,Console,2017-11-7,10.99
I358,Item Name 358,Accessory,2017-8-25,41.99
I359,Item Name 359,Food/Drink,2017-4-13,59.99
I360,Item Name 360,Console,2017-4-22,34.99
I361,Item Name 361,Other,2017-8-8,42.99
I362,Item Name 362,Videogame,2017-5-25,41.99
I363,Item Name 363,Videogame,2017-9-16,38.99
I364,Item Name 364,Other,2017-8-7,30.99
I365,Item Name 365,Accessory,2017-9-4,23.99
I366,Item Name 366,Accessory,2017-6-26,45.99
I367,Item Name 367,Accessory,2017-9-23,11.99
I368,Item Name 368,Videogame,2017-11-22,36.99
I369,Item Name 369,Console,2017-3-13,40.99
I370,Item Name 370,Food/Drink,2017-5-16,5.99
I371,Item Name 371,Other,2017-9-17,42.99
I372,Item Name 372,Other,2017-12-18,45.99
I373,Item Name 373,Console,2017-6-20,41.99
I374,Item Name 374,Videogame,2017-9-2,52.99
I375,Item Name 375,Food/Drink,2017-5-22,35.99
I376,Item Name 376,Videogame,2017-1-23,22.99
I377,Item Name 377,Console,2017-7-21,55.99
I378,Item Name 378,Food/Drink,2017-12-4,38.99
I379,Item Name 379,Console,2017-7-6,5.99
I380,Item Name 380,Other,2017-4-2,46.99
I381,Item Name 381,Console,2017-9-3,9.99
I382,Item Name 382,Videogame,2017-1-9,30.99
I383,Item Name 383,Videogame,2017-9-13,39.99
I384,Item Name 384,Console,2017-4-20,27.99
I385,Item Name 385,Other,2017-7-7,59.99
I386,Item Name 386,Accessory,2017-6-27,21.99
I387,Item Name 387,Accessory,2017-10-9,11.99
I388,Item Name 388,Videogame,2017-4-21,13.99
I389,Item Name 389,Other,2017-3-5,47.99
I390,Item Name 390,Food/Drink,2017-6-17,22.99
I391,Item Name 391,Other,2017-9-10,24.99
I392,Item Name 392,Food/Drink,2017-2-2,14.99
I393,Item Name 393,Food/Drink,2017-11-27,9.99
I394,Item Name 394,Console,2017-12-26,37.99
I395,Item Name 395,Other,2017-7-2,57.99
I396,Item Name 396,Food/Drink,2017-9-24,48.99
I397,Item Name 397,Console,2017-3-10,12.99
I398,Item Name 398,Videogame,2017-9-19,23.99
I399,Item Name 399,Other,2017-8-27,17.99
I400,Item Name 400,Accessory,2017-2-2,52.99
I401,Item Name 401,Other,2017-5-19,13.99
I402,Item Name 402,Accessory,2017-8-3,28.99
I403,Item Name 403,Videogame,2017-10-15,13.99
I404,Item Name 404,Videogame,2017-9-14,34.99
I405,Item Name 405,Videogame,2017-6-5,8.99
I406,Item Name 406,Food/Drink,2017-1-12,55.99
I407,Item Name 407,Accessory,2017-3-1,1.99
I408,Item Name 408,Videogame,2017-4-24,41.99
I409,Item Name 409,Food/Drink,2017-3-7,59.99
I410,Item Name 410,Videogame,2017-8-13,50.99
I411,Item Name 411,Console,2017-10-19,42.99
I412,Item Name 412,Videogame,2017-10-4,5.99
I413,Item Name 413,Other,2017-8-16,37.99
I414,Item Name 414,Console,2017-9-6,44.99
I415,Item Name 415,Other,2017-10-11,6.99
I416,Item Name 416,Other,2017-1-13,34.99
I417,Item Name 417,Videogame,2017-2-10,42.99
I418,Item Name 418,Console,2017-11-11,46.99
I419,Item Name 419,Console,2017-8-3,10.99
I420,Item Name 420,Other,2017-7-1,50.99
I421,Item Name 421,Videogame,2017-5-25,40.99
I422,Item Name 422,Food/Drink,2017-3-16,39.99
I423,Item Name 423,Food/Drink,2017-12-1,35.99
I424,Item Name 424,Food/Drink,2017-3-26,58.99
I425,Item Name 425,Food/Drink,2017-9-14,54.99
I426,Item Name 426,Videogame,2017-5-22,50.99
I427,Item Name 427,Other,2017-12-2,1.99
I428,Item Name 428,Accessory,2017-4-22,34.99
I429,Item Name 429,Console,2017-4-10,50.99
I430,Item Name 430,Other,2017-3-1,19.99
I431,Item Name 431,Other,2017-6-5,3.99
I432,Item Name 432,Other,2017-8-5,47.99
I433,Item Name 433,Other,2017-5-22,33.99
I434,Item Name 434,Console,2017-6-14,37.99
I435,Item Name 435,Other,2017-1-21,12.99
I436,Item Name 436,Videogame,2017-5-16,53.99
I437,Item Name 437,Accessory,2017-10-11,25.99
I438,Item Name 438,Videogame,2017-3-15,10.99
I439,Item Name 439,Accessory,2017-4-13,11.99
I440,Item Name 440,Videogame,2017-6-15,55.99
I441,Item Name 441,Other,2017-10-21,56.99
I442,Item Name 442,Accessory,2017-3-11,27.99
I443,Item Name 443,Videogame,2017-4-25,36.99
I444,Item Name 444,Console,2017-2-20,48.99
I445,Item Name 445,Videogame,2017-2-26,4.99
I446,Item Name 446,Console,2017-12-11,36.99
I447,Item Name 447,Other,2017-1-17,17.99
I448,Item Name 448,Accessory,2017-11-14,22.99
I449,Item Name 449,Food/Drink,2017-11-1,5.99
I450,Item Name 450,Videogame,2017-2-24,30.99
I451,Item Name 451,Other,2017-5-4,20.99
I452,Item Name 452,Videogame,2017-4-22,23.99
I453,Item Name 453,Accessory,2017-1-11,23.99
I454,Item Name 454,Console,2017-11-7,44.99
I455,Item Name 455,Other,2017-6-11,30.99
I456,Item Name 456,Accessory,2017-6-12,29.99
I457,Item Name 457,Videogame,2017-1-23,17.99
I458,Item Name 458,Console,2017-9-12,18.99
I459,Item Name 459,Accessory,2017-3-20,49.99
I460,Item Name 460,Accessory,2017-9-14,53.99
I461,Item Name 461,Food/Drink,2017-3-27,4.99
I462,Item Name 462,Console,2017-11-12,22.99
I463,Item Name 463,Videogame,2017-2-4,16.99
I464,Item Name 464,Food/Drink,2017-3-27,14.99
I465,Item Name 465,Other,2017-3-17,44.99
I466,Item Name 466,Food/Drink,2017-3-10,8.99
I467,Item Name 467,Videogame,2017-3-5,12.99
I468,Item Name 468,Videogame,2017-11-20,1.99
I469,Item Name 469,Videogame,2017-4-15,51.99
I470,Item Name 470,Food/Drink,2017-4-26,7.99
I471,Item Name 471,Videogame,2017-11-23,13.99
I472,Item Name 472,Console,2017-11-9,46.99
I473,Item Name 473,Videogame,2017-3-7,8.99
I474,Item Name 474,Console,2017-8-16,37.99
I475,Item Name 475,Food/Drink,2017-12-8,38.99
I476,Item Name 476,Other,2017-9-21,23.99
I477,Item Name 477,Console,2017-11-23,45.99
I478,Item Name 478,Videogame,2017-6-24,50.99
I479,Item Name 479,Accessory,2017-11-10,34.99
I480,Item Name 480,Food/Drink,2017-12-26,37.99
I481,Item Name 481,Food/Drink,2017-7-6,28.99
I482,Item Name 482,Accessory,2017-8-22,31.99
I483,Item Name 483,Accessory,2017-8-5,30.99
I484,Item Name 484,Videogame,2017-7-11,27.99
I485,Item Name 485,Videogame,2017-9-5,25.99
I486,Item Name 486,Videogame,2017-1-8,33.99
I487,Item Name 487,Other,2017-2-6,49.99
I488,Item Name 488,Food/Drink,2017-8-11,32.99
I489,Item Name 489,Other,2017-7-15,57.99
I490,Item Name 490,Other,2017-11-8,25.99
I491,Item Name 491,Other,2017-5-2,37.99
I492,Item Name 492,Console,2017-9-11,35.99
I493,Item Name 493,Console,2017-5-7,3.99
I494,Item Name 494,Food/Drink,2017-2-19,19.99
I495,Item Name 495,Other,2017-9-1,19.99
I496,Item Name 496,Videogame,2017-10-15,19.99
I497,Item Name 497,Videogame,2017-9-15,16.99
I498,Item Name 498,Videogame,2017-10-6,29.99
I499,Item Name 499,Food/Drink,2017-7-8,41.99
I500,Item Name 500,Other,2017-8-17,6.99
I501,Item Name 501,Videogame,2017-12-24,42.99
I502,Item Name 502,Console,2017-3-14,24.99
I503,Item Name 503,Other,2017-4-20,57.99
I504,Item Name 504,Console,2017-6-9,11.99
I505,Item Name 505,Accessory,2017-10-10,12.99
I506,Item Name 506,Videogame,2017-8-7,35.99
I507,Item Name 507,Console,2017-7-26,20.99
I508,Item Name 508,Console,2017-6-9,8.99
I509,Item Name 509,Accessory,2017-10-24,30.99
I510,Item Name 510,Accessory,2017-2-25,30.99
I511,Item Name 511,Other,2017-11-11,41.99
I512,Item Name 512,Food/Drink,2017-4-21,44.99
I513,Item Name 513,Videogame,2017-9-13,27.99
I514,Item Name 514,Other,2017-8-23,9.99
I515,Item Name 515,Console,2017-1-1,41.99
I516,Item Name 516,Food/Drink,2017-9-10,31.99
I517,Item Name 517,Console,2017-2-26,42.99
I518,Item Name 518,Console,2017-6-5,25.99
I519,Item Name 519,Videogame,2017-9-4,16.99
I520,Item Name 520,Other,2017-12-10,25.99
I521,Item Name 521,Console,2017-4-19,10.99
I522,Item Name 522,Accessory,2017-4-3,28.99
I523,Item Name 523,Videogame,2017-9-12,41.99
I524,Item Name 524,Console,2017-4-4,27.99
I525,Item Name 525,Accessory,2017-1-24,59.99
I526,Item Name 526,Food/Drink,2017-3-3,41.99
I527,Item Name 527,Food/Drink,2017-11-4,54.99
I528,Item Name 528,Videogame,2017-7-10,43.99
I529,Item Name 529,Console,2017-8-20,11.99
I530,Item Name 530,Other,2017-7-8,49.99
I531,Item Name 531,Other,2017-6-17,50.99
I532,Item Name 532,Console,2017-3-23,13.99
I533,Item Name 533,Other,2017-3-14,53.99
I534,Item Name 534,Videogame,2017-9-7,6.99
I535,Item Name 535,Accessory,2017-12-8,33.99
I536,Item Name 536,Console,2017-11-6,53.99
I537,Item Name 537,Food/Drink,2017-5-14,27.99
I538,Item Name 538,Videogame,2017-2-22,21.99
I539,Item Name 539,Console,2017-9-16,15.99
I540,Item Name 540,Accessory,2017-2-9,30.99
I541,Item Name 541,Accessory,2017-7-20,22.99
I542,Item Name 542,Videogame,2017-8-14,26.99
I543,Item Name 543,Videogame,2017-9-1,15.99
I544,Item Name 544,Videogame,2017-2-27,57.99
I545,Item Name 545,Console,2017-10-4,51.99
I546,Item Name 546,Other,2017-3-12,23.99
I547,Item Name 547,Other,2017-5-16,37.99
I548,Item Name 548,Videogame,2017-9-14,33.99
I549,Item Name 549,Console,2017-10-2,38.99
I550,Item Name 550,Videogame,2017-9-9,19.99
I551,Item Name 551,Accessory,2017-6-18,3.99
I552,Item Name 552,Console,2017-11-9,12.99
I553,Item Name 553,Food/Drink,2017-12-15,6.99
I554,Item Name 554,Console,2017-4-2,3.99
I555,Item Name 555,Console,2017-11-7,25.99
I556,Item Name 556,Console,2017-9-25,52.99
I557,Item Name 557,Food/Drink,2017-4-16,18.99
I558,Item Name 558,Videogame,2017-2-8,38.99
I559,Item Name 559,Videogame,2017-7-10,59.99
I560,Item Name 560,Videogame,2017-10-8,7.99
I561,Item Name 561,Videogame,2017-10-15,48.99
I562,Item Name 562,Other,2017-7-6,3.99
I563,Item Name 563,Other,2017-3-5,29.99
I564,Item Name 564,Other,2017-9-17,1.99
I565,Item Name 565,Other,2017-4-5,8.99
I566,Item Name 566,Videogame,2017-1-27,19.99
I567,Item Name 567,Accessory,2017-3-13,56.99
I568,Item Name 568,Console,2017-7-13,29.99
I569,Item Name 569,Videogame,2017-1-14,32.99
I570,Item Name 570,Videogame,2017-2-8,40.99
I571,Item Name 571,Console,2017-1-2,17.99
I572,Item Name 572,Food/Drink,2017-4-14,42.99
I573,Item Name 573,Other,2017-7-16,43.99
I574,Item Name 574,Accessory,2017-9-27,13.99
I575,Item Name 575,Food/Drink,2017-11-22,58.99
I576,Item Name 576,Food/Drink,2017-3-5,27.99
I577,Item Name 577,Other,2017-5-8,23.99
I578,Item Name 578,Accessory,2017-4-8,7.99
I579,Item Name 579,Accessory,2017-12-10,55.99
I580,Item Name 580,Videogame,2017-8-12,6.99
I581,Item Name 581,Accessory,2017-5-22,46.99
I582,Item Name 582,Accessory,2017-6-8,32.99
I583,Item Name 583,Other,2017-2-26,8.99
I584,Item Name 584,Other,2017-8-2,19.99
I585,Item Name 585,Videogame,2017-6-23,22.99
I586,Item Name 586,Food/Drink,2017-2-10,25.99
I587,Item Name 587,Other,2017-4-3,3.99
I588,Item Name 588,Food/Drink,2017-9-19,50.99
I589,Item Name 589,Videogame,2017-9-16,54.99
I590,Item Name 590,Food/Drink,2017-5-5,22.99
I591,Item Name 591,Accessory,2017-9-5,59.99
I592,Item Name 592,Other,2017-4-2,32.99
I593,Item Name 593,Other,2017-3-5,38.99
I594,Item Name 594,Other,2017-2-7,21.99
I595,Item Name 595,Console,2017-7-1,49.99
I596,Item Name 596,Food/Drink,2017-1-20,9.99
I597,Item Name 597,Other,2017-4-21,18.99
I598,Item Name 598,Other,2017-12-13,25.99
I599,Item Name 599,Other,2017-4-18,48.99
I600,Item Name 600,Other,2017-6-27,11.99
I601,Item Name 601,Console,2017-1-21,32.99
I602,Item Name 602,Videogame,2017-10-21,45.99
I603,Item Name 603,Food/Drink,2017-3-13,15.99
I604,Item Name 604,Console,2017-5-10,43.99
I605,Item Name 605,Videogame,2017-6-27,48.99
I606,Item Name 606,Accessory,2017-1-24,54.99
I607,Item Name 607,Other,2017-2-22,26.99
I608,Item Name 608,Other,2017-10-27,59.99
I609,Item Name 609,Food/Drink,2017-11-3,37.99
I610,Item Name 610,Other,2017-4-22,55.99
I611,Item Name 611,Accessory,2017-5-25,46.99
I612,Item Name 612,Videogame,2017-6-8,47.99
I613,Item Name 613,Videogame,2017-10-22,5.99
I614,Item Name 614,Food/Drink,2017-2-14,31.99
I615,Item Name 615,Food/Drink,2017-8-5,42.99
I616,Item Name 616,Accessory,2017-4-4,44.99
I617,Item Name 617,Other,2017-6-19,14.99
I618,Item Name 618,Other,2017-2-25,32.99
I619,Item Name 619,Other,2017-8-5,29.99
I620,Item Name 620,Console,2017-3-19,32.99
I621,Item Name 621,Food/Drink,2017-1-18,59.99
I622,Item Name 622,Food/Drink,2017-5-21,50.99
I623,Item Name 623,Videogame,2017-10-19,57.99
I624,Item Name 624,Food/Drink,2017-12-15,34.99
I625,Item Name 625,Videogame,2017-2-25,13.99
I626,Item Name 626,Videogame,2017-11-2,33.99
I627,Item Name 627,Food/Drink,2017-9-16,28.99
I628,Item Name 628,Videogame,2017-8-27,22.99
I629,Item Name 629,Other,2017-7-18,2.99
I630,Item Name 630,Videogame,2017-5-16,17.99
I631,Item Name 631,Console,2017-7-5,19.99
I632,Item Name 632,Food/Drink,2017-3-2,51.99
I633,Item Name 633,Food/Drink,2017-2-27,31.99
I634,Item Name 634,Console,2017-3-6,27.99
I635,Item Name 635,Accessory,2017-12-16,11.99
I636,Item Name 636,Accessory,2017-9-22,4.99
I637,Item Name 637,Other,2017-7-15,6.99
I638,Item Name 638,Other,2017-7-3,24.99
I639,Item Name 639,Accessory,2017-8-18,58.99
I640,Item Name 640,Other,2017-3-25,22.99
I641,Item Name 641,Accessory,2017-11-22,57.99
I642,Item Name 642,Videogame,2017-10-15,55.99
I643,Item Name 643,Food/Drink,2017-8-12,1.99
I644,Item Name 644,Accessory,2017-6-8,39.99
I645,Item Name 645,Accessory,2017-2-27,18.99
I646,Item Name 646,Console,2017-1-18,47.99
I647,Item Name 647,Food/Drink,2017-5-15,37.99
I648,Item Name 648,Food/Drink,2017-10-27,23.99
I649,Item Name 649,Food/Drink,2017-5-15,57.99
I650,Item Name 650,Console,2017-5-27,25.99
I651,Item Name 651,Other,2017-2-2,17.99
I652,Item Name 652,Food/Drink,2017-7-25,45.99
I653,Item Name 653,Food/Drink,2017-3-3,57.99
I654,Item Name 654,Food/Drink,2017-5-12,52.99
I655,Item Name 655,Other,2017-6-16,13.99
I656,Item Name 656,Accessory,2017-3-22,4.99
I657,Item Name 657,Food/Drink,2017-7-25,5.99
I658,Item Name 658,Food/Drink,2017-11-27,25.99
I659,Item Name 659,Other,2017-10-4,8.99
I660,Item Name 660,Other,2017-9-22,8.99
I661,Item Name 661,Console,2017-12-23,49.99
I662,Item Name 662,Other,2017-1-6,52.99
I663,Item Name 663,Accessory,2017-1-7,30.99
I664,Item Name 664,Food/Drink,2017-6-12,40.99
I665,Item Name 665,Videogame,2017-10-26,46.99
I666,Item Name 666,Food/Drink,2017-11-3,39.99
I667,Item Name 667,Console,2017-3-7,30.99
I668,Item Name 668,Videogame,2017-2-27,51.99
I669,Item Name 669,Other,2017-6-24,38.99
I670,Item Name 670,Console,2017-7-1,38.99
I671,Item Name 671,Food/Drink,2017-9-10,20.99
I672,Item Name 672,Console,2017-8-16,29.99
I673,Item Name 673,Accessory,2017-10-8,25.99
I674,Item Name 674,Console,2017-3-3,30.99
I675,Item Name 675,Videogame,2017-10-8,40.99
I676,Item Name 676,Accessory,2017-4-21,41.99
I677,Item Name 677,Console,2017-4-12,15.99
I678,Item Name 678,Other,2017-2-22,55.99
I679,Item Name 679,Accessory,2017-4-8,35.99
I680,Item Name 680,Console,2017-11-27,38.99
I681,Item Name 681,Accessory,2017-6-21,25.99
I682,Item Name 682,Videogame,2017-6-15,58.99
I683,Item Name 683,Other,2017-7-27,38.99
I684,Item Name 684,Accessory,2017-10-22,11.99
I685,Item Name 685,Food/Drink,2017-8-25,56.99
I686,Item Name 686,Food/Drink,2017-6-17,37.99
I687,Item Name 687,Other,2017-11-25,29.99
I688,Item Name 688,Food/Drink,2017-5-22,16.99
I689,Item Name 689,Accessory,2017-3-8,31.99
I690,Item Name 690,Other,2017-9-20,54.99
I691,Item Name 691,Food/Drink,2017-9-10,43.99
I692,Item Name 692,Videogame,2017-4-22,52.99
I693,Item Name 693,Console,2017-11-23,35.99
I694,Item Name 694,Other,2017-12-16,41.99
I695,Item Name 695,Console,2017-2-26,22.99
I696,Item Name 696,Other,2017-12-3,16.99
I697,Item Name 697,Videogame,2017-1-1,13.99
I698,Item Name 698,Console,2017-2-23,43.99
I699,Item Name 699,Accessory,2017-9-25,44.99
I700,Item Name 700,Accessory,2017-11-21,21.99
I701,Item Name 701,Accessory,2017-4-14,22.99
I702,Item Name 702,Console,2017-6-20,59.99
I703,Item Name 703,Other,2017-8-13,58.99
I704,Item Name 704,Videogame,2017-6-8,55.99
I705,Item Name 705,Accessory,2017-7-18,24.99
I706,Item Name 706,Other,2017-3-14,36.99
I707,Item Name 707,Food/Drink,2017-3-27,18.99
I708,Item Name 708,Videogame,2017-5-2,52.99
I709,Item Name 709,Videogame,2017-5-19,36.99
I710,Item Name 710,Accessory,2017-2-10,17.99
I711,Item Name 711,Food/Drink,2017-6-18,29.99
I712,Item Name 712,Videogame,2017-6-9,30.99
I713,Item Name 713,Console,2017-6-6,22.99
I714,Item Name 714,Food/Drink,2017-6-6,7.99
I715,Item Name 715,Accessory,2017-2-27,45.99
I716,Item Name 716,Food/Drink,2017-4-25,38.99
I717,Item Name 717,Accessory,2017-11-18,24.99
I718,Item Name 718,Food/Drink,2017-3-3,56.99
I719,Item Name 719,Console,2017-12-10,37.99
I720,Item Name 720,Accessory,2017-4-21,15.99
I721,Item Name 721,Accessory,2017-10-8,32.99
I722,Item Name 722,Food/Drink,2017-5-12,1.99
I723,Item Name 723,Accessory,2017-11-1,3.99
I724,Item Name 724,Console,2017-11-16,26.99
I725,Item Name 725,Console,2017-1-8,55.99
I726,Item Name 726,Other,2017-1-9,53.99
I727,Item Name 727,Accessory,2017-9-27,31.99
I728,Item Name 728,Food/Drink,2017-1-24,11.99
I729,Item Name 729,Other,2017-10-21,49.99
I730,Item Name 730,Food/Drink,2017-3-7,56.99
I731,Item Name 731,Food/Drink,2017-1-12,33.99
I732,Item Name 732,Other,2017-5-2,12.99
I733,Item Name 733,Other,2017-5-8,34.99
I734,Item Name 734,Food/Drink,2017-8-2,44.99
I735,Item Name 735,Other,2017-6-23,31.99
I736,Item Name 736,Accessory,2017-11-5,16.99
I737,Item Name 737,Other,2017-7-1,48.99
I738,Item Name 738,Accessory,2017-8-8,6.99
I739,Item Name 739,Other,2017-10-12,19.99
I740,Item Name 740,Food/Drink,2017-1-4,50.99
I741,Item Name 741,Console,2017-8-11,33.99
I742,Item Name 742,Console,2017-4-1,54.99
I743,Item Name 743,Accessory,2017-11-14,14.99
I744,Item Name 744,Food/Drink,2017-8-7,15.99
I745,Item Name 745,Food/Drink,2017-9-1,34.99
I746,Item Name 746,Other,2017-5-19,28.99
I747,Item Name 747,Accessory,2017-11-21,29.99
I748,Item Name 748,Accessory,2017-4-5,47.99
I749,Item Name 749,Accessory,2017-1-18,5.99
I750,Item Name 750,Videogame,2017-9-15,37.99
I751,Item Name 751,Other,2017-3-6,31.99
I752,Item Name 752,Console,2017-11-11,10.99
I753,Item Name 753,Accessory,2017-7-16,41.99
I754,Item Name 754,Accessory,2017-8-2,34.99
I755,Item Name 755,Food/Drink,2017-7-3,52.99
I756,Item Name 756,Other,2017-7-16,18.99
I757,Item Name 757,Accessory,2017-5-22,36.99
I758,Item Name 758,Console,2017-12-19,41.99
I759,Item Name 759,Other,2017-7-11,29.99
I760,Item Name 760,Food/Drink,2017-4-8,18.99
I761,Item Name 761,Console,2017-10-13,59.99
I762,Item Name 762,Food/Drink,2017-7-3,40.99
I763,Item Name 763,Food/Drink,2017-12-10,27.99
I764,Item Name 764,Other,2017-7-27,2.99
I765,Item Name 765,Console,2017-12-25,24.99
I766,Item Name 766,Console,2017-4-7,31.99
I767,Item Name 767,Accessory,2017-10-27,59.99
I768,Item Name 768,Other,2017-7-8,39.99
I769,Item Name 769,Console,2017-6-2,46.99
I770,Item Name 770,Food/Drink,2017-9-18,6.99
I771,Item Name 771,Other,2017-3-2,28.99
I772,Item Name 772,Videogame,2017-7-7,17.99
I773,Item Name 773,Accessory,2017-1-5,52.99
I774,Item Name 774,Console,2017-12-27,28.99
I775,Item Name 775,Food/Drink,2017-1-5,28.99
I776,Item Name 776,Other,2017-12-17,34.99
I777,Item Name 777,Videogame,2017-6-23,30.99
I778,Item Name 778,Videogame,2017-2-10,15.99
I779,Item Name 779,Console,2017-8-17,27.99
I780,Item Name 780,Videogame,2017-10-27,16.99
I781,Item Name 781,Videogame,2017-9-7,51.99
I782,Item Name 782,Console,2017-6-20,4.99
I783,Item Name 783,Console,2017-12-21,58.99
I784,Item Name 784,Console,2017-12-22,59.99
I785,Item Name 785,Console,2017-11-23,56.99
I786,Item Name 786,Food/Drink,2017-6-22,8.99
I787,Item Name 787,Food/Drink,2017-6-8,20.99
I788,Item Name 788,Food/Drink,2017-6-12,15.99
I789,Item Name 789,Other,2017-4-10,47.99
I790,Item Name 790,Console,2017-10-1,7.99
I791,Item Name 791,Accessory,2017-11-20,48.99
I792,Item Name 792,Other,2017-5-3,11.99
I793,Item Name 793,Food/Drink,2017-12-10,52.99
I794,Item Name 794,Food/Drink,2017-1-2,52.99
I795,Item Name 795,Accessory,2017-10-17,49.99
I796,Item Name 796,Console,2017-3-16,37.99
I797,Item Name 797,Videogame,2017-1-21,44.99
I798,Item Name 798,Console,2017-10-27,25.99
I799,Item Name 799,Other,2017-5-9,17.99
I800,Item Name 800,Food/Drink,2017-9-27,41.99
I801,Item Name 801,Videogame,2017-10-23,30.99
I802,Item Name 802,Videogame,2017-7-17,19.99
I803,Item Name 803,Videogame,2017-3-1,12.99
I804,Item Name 804,Videogame,2017-7-5,3.99
I805,Item Name 805,Console,2017-9-26,55.99
I806,Item Name 806,Console,2017-4-13,9.99
I807,Item Name 807,Food/Drink,2017-11-20,30.99
I808,Item Name 808,Food/Drink,2017-3-25,48.99
I809,Item Name 809,Videogame,2017-9-5,43.99
I810,Item Name 810,Accessory,2017-9-27,19.99
I811,Item Name 811,Other,2017-10-13,38.99
I812,Item Name 812,Videogame,2017-11-1,8.99
I813,Item Name 813,Console,2017-12-27,39.99
I814,Item Name 814,Videogame,2017-2-18,18.99
I815,Item Name 815,Accessory,2017-4-1,41.99
I816,Item Name 816,Other,2017-7-12,26.99
I817,Item Name 817,Accessory,2017-5-5,46.99
I818,Item Name 818,Other,2017-6-6,48.99
I819,Item Name 819,Videogame,2017-11-20,39.99
I820,Item Name 820,Console,2017-4-23,29.99
I821,Item Name 821,Console,2017-2-16,38.99
I822,Item Name 822,Food/Drink,2017-6-13,45.99
I823,Item Name 823,Accessory,2017-5-11,2.99
I824,Item Name 824,Other,2017-5-22,30.99
I825,Item Name 825,Videogame,2017-1-3,52.99
I826,Item Name 826,Console,2017-10-1,32.99
I827,Item Name 827,Accessory,2017-1-4,43.99
I828,Item Name 828,Console,2017-1-9,23.99
I829,Item Name 829,Accessory,2017-1-22,15.99
I830,Item Name 830,Accessory,2017-11-8,38.99
I831,Item Name 831,Food/Drink,2017-6-5,34.99
I832,Item Name 832,Accessory,2017-2-17,27.99
I833,Item Name 833,Videogame,2017-2-9,14.99
I834,Item Name 834,Videogame,2017-5-9,44.99
I835,Item Name 835,Videogame,2017-6-26,45.99
I836,Item Name 836,Food/Drink,2017-6-14,42.99
I837,Item Name 837,Other,2017-12-12,2.99
I838,Item Name 838,Other,2017-5-14,19.99
I839,Item Name 839,Videogame,2017-10-8,24.99
I840,Item Name 840,Food/Drink,2017-12-25,56.99
I841,Item Name 841,Videogame,2017-7-17,54.99
I842,Item Name 842,Food/Drink,2017-3-16,40.99
I843,Item Name 843,Videogame,2017-7-19,27.99
I844,Item Name 844,Food/Drink,2017-3-20,6.99
I845,Item Name 845,Console,2017-1-6,8.99
I846,Item Name 846,Food/Drink,2017-4-10,38.99
I847,Item Name 847,Food/Drink,2017-7-2,41.99
I848,Item Name 848,Food/Drink,2017-1-25,41.99
I849,Item Name 849,Accessory,2017-5-25,24.99
I850,Item Name 850,Other,2017-4-3,9.99
I851,Item Name 851,Other,2017-3-16,2.99
I852,Item Name 852,Accessory,2017-4-25,1.99
I853,Item Name 853,Accessory,2017-9-20,25.99
I854,Item Name 854,Accessory,2017-1-19,39.99
I855,Item Name 855,Food/Drink,2017-2-27,23.99
I856,Item Name 856,Accessory,2017-4-16,8.99
I857,Item Name 857,Accessory,2017-4-16,43.99
I858,Item Name 858,Accessory,2017-1-17,47.99
I859,Item Name 859,Videogame,2017-8-14,41.99
I860,Item Name 860,Food/Drink,2017-2-8,39.99
I861,Item Name 861,Console,2017-8-11,18.99
I862,Item Name 862,Accessory,2017-10-13,38.99
I863,Item Name 863,Videogame,2017-2-19,31.99
I864,Item Name 864,Food/Drink,2017-9-13,20.99
I865,Item Name 865,Accessory,2017-8-10,4.99
I866,Item Name 866,Food/Drink,2017-8-21,34.99
I867,Item Name 867,Other,2017-2-10,59.99
I868,Item Name 868,Accessory,2017-11-13,55.99
I869,Item Name 869,Other,2017-5-15,6.99
I870,Item Name 870,Videogame,2017-5-4,46.99
I871,Item Name 871,Accessory,2017-9-24,24.99
I872,Item Name 872,Food/Drink,2017-4-15,12.99
I873,Item Name 873,Other,2017-12-3,38.99
I874,Item Name 874,Food/Drink,2017-3-3,57.99
I875,Item Name 875,Other,2017-3-3,26.99
I876,Item Name 876,Videogame,2017-1-5,16.99
I877,Item Name 877,Videogame,2017-9-15,59.99
I878,Item Name 878,Accessory,2017-9-3,1.99
I879,Item Name 879,Console,2017-11-8,58.99
I880,Item Name 880,Food/Drink,2017-1-20,35.99
I881,Item Name 881,Videogame,2017-4-2,39.99
I882,Item Name 882,Food/Drink,2017-9-13,20.99
I883,Item Name 883,Accessory,2017-5-19,22.99
I884,Item Name 884,Food/Drink,2017-11-18,10.99
I885,Item Name 885,Console,2017-12-5,2.99
I886,Item Name 886,Console,2017-10-6,37.99
I887,Item Name 887,Console,2017-10-11,39.99
I888,Item Name 888,Accessory,2017-5-12,57.99
I889,Item Name 889,Videogame,2017-6-1,10.99
I890,Item Name 890,Food/Drink,2017-2-4,36.99
I891,Item Name 891,Videogame,2017-9-7,44.99
I892,Item Name 892,Other,2017-5-23,7.99
I893,Item Name 893,Console,2017-1-11,25.99
I894,Item Name 894,Videogame,2017-8-17,48.99
I895,Item Name 895,Videogame,2017-8-3,55.99
I896,Item Name 896,Other,2017-6-9,35.99
I897,Item Name 897,Accessory,2017-4-7,47.99
I898,Item Name 898,Accessory,2017-3-18,49.99
I899,Item Name 899,Food/Drink,2017-10-18,25.99
I900,Item Name 900,Food/Drink,2017-11-27,48.99
I901,Item Name 901,Other,2017-1-15,36.99
I902,Item Name 902,Videogame,2017-8-14,8.99
I903,Item Name 903,Food/Drink,2017-6-10,17.99
I904,Item Name 904,Food/Drink,2017-6-16,3.99
I905,Item Name 905,Console,2017-3-27,29.99
I906,Item Name 906,Videogame,2017-10-3,36.99
I907,Item Name 907,Food/Drink,2017-5-10,28.99
I908,Item Name 908,Food/Drink,2017-6-9,8.99
I909,Item Name 909,Console,2017-11-21,15.99
I910,Item Name 910,Accessory,2017-4-5,8.99
I911,Item Name 911,Accessory,2017-7-2,41.99
I912,Item Name 912,Videogame,2017-8-10,2.99
I913,Item Name 913,Food/Drink,2017-10-7,47.99
I914,Item Name 914,Other,2017-9-20,25.99
I915,Item Name 915,Console,2017-6-27,28.99
I916,Item Name 916,Accessory,2017-12-14,58.99
I917,Item Name 917,Other,2017-1-21,23.99
I918,Item Name 918,Food/Drink,2017-2-17,15.99
I919,Item Name 919,Console,2017-8-5,20.99
I920,Item Name 920,Other,2017-8-8,4.99
I921,Item Name 921,Other,2017-10-5,23.99
I922,Item Name 922,Accessory,2017-3-22,2.99
I923,Item Name 923,Console,2017-12-21,16.99
I924,Item Name 924,Other,2017-3-7,9.99
I925,Item Name 925,Console,2017-5-11,45.99
I926,Item Name 926,Other,2017-9-12,28.99
I927,Item Name 927,Videogame,2017-1-26,44.99
I928,Item Name 928,Accessory,2017-11-23,54.99
I929,Item Name 929,Other,2017-7-15,2.99
I930,Item Name 930,Other,2017-12-6,43.99
I931,Item Name 931,Other,2017-12-2,50.99
I932,Item Name 932,Accessory,2017-10-15,17.99
I933,Item Name 933,Console,2017-11-24,30.99
I934,Item Name 934,Food/Drink,2017-5-23,20.99
I935,Item Name 935,Videogame,2017-1-2,53.99
I936,Item Name 936,Accessory,2017-11-24,5.99
I937,Item Name 937,Food/Drink,2017-12-5,28.99
I938,Item Name 938,Console,2017-4-16,11.99
I939,Item Name 939,Videogame,2017-10-17,13.99
I940,Item Name 940,Videogame,2017-1-25,3.99
I941,Item Name 941,Console,2017-12-14,49.99
I942,Item Name 942,Videogame,2017-2-1,4.99
I943,Item Name 943,Videogame,2017-9-20,19.99
I944,Item Name 944,Other,2017-10-14,22.99
I945,Item Name 945,Accessory,2017-2-6,19.99
I946,Item Name 946,Food/Drink,2017-3-24,46.99
I947,Item Name 947,Other,2017-1-10,31.99
I948,Item Name 948,Food/Drink,2017-12-16,19.99
I949,Item Name 949,Accessory,2017-12-4,47.99
I950,Item Name 950,Console,2017-4-26,35.99
I951,Item Name 951,Console,2017-12-1,3.99
I952,Item Name 952,Other,2017-2-15,53.99
I953,Item Name 953,Console,2017-5-4,1.99
I954,Item Name 954,Accessory,2017-9-10,33.99
I955,Item Name 955,Videogame,2017-6-19,40.99
I956,Item Name 956,Other,2017-7-8,24.99
I957,Item Name 957,Accessory,2017-11-21,24.99
I958,Item Name 958,Other,2017-12-6,29.99
I959,Item Name 959,Console,2017-12-23,49.99
I960,Item Name 960,Other,2017-9-23,31.99
I961,Item Name 961,Food/Drink,2017-4-9,35.99
I962,Item Name 962,Accessory,2017-3-19,4.99
I963,Item Name 963,Videogame,2017-8-6,22.99
I964,Item Name 964,Console,2017-3-3,23.99
I965,Item Name 965,Console,2017-12-20,3.99
I966,Item Name 966,Food/Drink,2017-8-2,42.99
I967,Item Name 967,Accessory,2017-11-2,15.99
I968,Item Name 968,Food/Drink,2017-10-23,57.99
I969,Item Name 969,Accessory,2017-8-5,33.99
I970,Item Name 970,Accessory,2017-11-19,6.99
I971,Item Name 971,Other,2017-5-18,19.99
I972,Item Name 972,Other,2017-2-27,46.99
I973,Item Name 973,Accessory,2017-3-27,33.99
I974,Item Name 974,Food/Drink,2017-2-2,43.99
I975,Item Name 975,Console,2017-9-10,29.99
I976,Item Name 976,Accessory,2017-9-7,52.99
I977,Item Name 977,Food/Drink,2017-1-20,4.99
I978,Item Name 978,Console,2017-3-15,38.99
I979,Item Name 979,Other,2017-11-1,26.99
I980,Item Name 980,Other,2017-6-22,38.99
I981,Item Name 981,Videogame,2017-2-2,8.99
I982,Item Name 982,Accessory,2017-1-26,41.99
I983,Item Name 983,Accessory,2017-11-11,56.99
I984,Item Name 984,Accessory,2017-7-23,58.99
I985,Item Name 985,Accessory,2017-10-17,41.99
I986,Item Name 986,Food/Drink,2017-2-3,28.99
I987,Item Name 987,Accessory,2017-6-23,37.99
I988,Item Name 988,Accessory,2017-2-19,44.99
I989,Item Name 989,Console,2017-11-8,46.99
I990,Item Name 990,Console,2017-1-14,40.99
I991,Item Name 991,Accessory,2017-1-17,1.99
I992,Item Name 992,Console,2017-2-16,39.99
I993,Item Name 993,Food/Drink,2017-8-23,57.99
I994,Item Name 994,Console,2017-5-2,28.99
I995,Item Name 995,Videogame,2017-11-5,14.99
I996,Item Name 996,Other,2017-6-18,51.99
I997,Item Name 997,Food/Drink,2017-11-22,26.99
I998,Item Name 998,Other,2017-7-24,45.99
I999,Item Name 999,Food/Drink,2017-11-19,8.99
I1000,Item Name 1000,Accessory,2017-4-10,5.99
